{
  "hash": "a6e7bc7c",
  "configHash": "4e757d7e",
  "lockfileHash": "15e9e006",
  "browserHash": "e022defe",
  "optimized": {
    "@angular/common": {
      "src": "../../../../../node_modules/@angular/common/fesm2022/common.mjs",
      "file": "@angular_common.js",
      "fileHash": "4bd9178d",
      "needsInterop": false
    },
    "@angular/common/http": {
      "src": "../../../../../node_modules/@angular/common/fesm2022/http.mjs",
      "file": "@angular_common_http.js",
      "fileHash": "5a492812",
      "needsInterop": false
    },
    "@angular/core": {
      "src": "../../../../../node_modules/@angular/core/fesm2022/core.mjs",
      "file": "@angular_core.js",
      "fileHash": "b803b287",
      "needsInterop": false
    },
    "@angular/forms": {
      "src": "../../../../../node_modules/@angular/forms/fesm2022/forms.mjs",
      "file": "@angular_forms.js",
      "fileHash": "4b683c08",
      "needsInterop": false
    },
    "@angular/platform-browser": {
      "src": "../../../../../node_modules/@angular/platform-browser/fesm2022/platform-browser.mjs",
      "file": "@angular_platform-browser.js",
      "fileHash": "36038d59",
      "needsInterop": false
    },
    "@angular/router": {
      "src": "../../../../../node_modules/@angular/router/fesm2022/router.mjs",
      "file": "@angular_router.js",
      "fileHash": "1af48aa8",
      "needsInterop": false
    },
    "@ng-bootstrap/ng-bootstrap": {
      "src": "../../../../../node_modules/@ng-bootstrap/ng-bootstrap/fesm2022/ng-bootstrap.mjs",
      "file": "@ng-bootstrap_ng-bootstrap.js",
      "fileHash": "d04851a2",
      "needsInterop": false
    }
  },
  "chunks": {
    "chunk-L3DGHALQ": {
      "file": "chunk-L3DGHALQ.js"
    },
    "chunk-BF5TESAS": {
      "file": "chunk-BF5TESAS.js"
    },
    "chunk-T2PN5REU": {
      "file": "chunk-T2PN5REU.js"
    },
    "chunk-EPUY6HGS": {
      "file": "chunk-EPUY6HGS.js"
    },
    "chunk-IH7VTFNE": {
      "file": "chunk-IH7VTFNE.js"
    }
  }
}