{
  "loanTypes": [
    {
      "id": "1",
      "name": "personal loan"
    },
    {
      "id": "2",
      "name": "home loan"
    },
    {
      "id": "3",
      "name": "student loan"
    },
    {
      "id": "4",
      "name": "auto loan"
    }
  ],
  "userLoans": [
    {
      "id": "32c6",
      "fullName": "Rohan",
      "dob": "2002-04-19",
      "mobile": "9284451635",
      "loanType": "personal loan",
      "principal": 233,
      "rate": 22,
      "time": 6,
      "si": 12.815,
      "totalAmount": 245.815
    },
    {
      "id": "aee7",
      "fullName": "prashik u",
      "dob": "19-04-2003",
      "mobile": "5678767565",
      "loanType": "auto loan",
      "principal": 1200,
      "rate": 3,
      "time": 12,
      "si": 36,
      "totalAmount": 1236
    }
  ]
}